,Names,Absolute Error,True Energy,Predicted Energy
0,9.xyz,0.00018003396752130918,-0.6169405802685333,-0.6171206142360546
1,13.xyz,0.0024409213809303276,-0.886041663399169,-0.8884825847800993
2,12.xyz,0.001844768980165834,-0.8178692106222911,-0.819713979602457
3,10.xyz,0.000521641156481456,-0.6838488155182176,-0.6843704566746991
4,11.xyz,0.0011068520688085615,-0.7515026447944706,-0.7526094968632792
